{"cameraMode":{"drawMode":0,"name":"Shaded","section":"Shading Mode"},"sceneLighting":true,"audioPlay":false,"sceneViewState":{"m_AlwaysRefresh":false,"showFog":true,"showSkybox":true,"showFlares":true,"showImageEffects":true,"showParticleSystems":true,"showVisualEffectGraphs":true,"m_FxEnabled":true},"in2DMode":false,"pivot":{"x":2.7738304138183595,"y":-0.6224901080131531,"z":-0.11899540573358536},"rotation":{"x":0.6566731929779053,"y":-0.0018135358113795519,"z":0.0015782873379066587,"w":0.7541744709014893},"size":4.876372337341309,"orthographic":false}